Invoice ID,Date,Customer ID,Payment Amount,,,,,,,,,,,,,,,,,
1001,1/28/2021,114,90381,,,,,,,,,,,,,,,,,
1002,11/17/2020,100,57431,,,,,,,,,,,,,,,,,
1003,9/22/2019,105,74763,,,,,,,,,,,,,,,,,
1004,5/28/2019,101,76732,,,,,,,,,,,,,,,,,
1005,7/6/2021,103,58954,,,,,,,,,,,,,,,,,
1006,6/30/2021,118,11951,,,,,,,,,,,,,,,,,
1007,6/7/2019,106,87524,,,,,,,,,,,,,,,,,
1008,8/12/2019,108,71832,,,,,,,,,,,,,,,,,
1009,8/26/2019,109,92437,,,,,,,,,,,,,,,,,
1010,12/9/2020,111,9123,,,,,,,,,,,,,,,,,
1011,1/30/2020,107,93725,,,,,,,,,,,,,,,,,
1012,9/7/2019,111,16758,,,,,,,,,,,,,,,,,
1013,12/7/2019,116,41067,,,,,,,,,,,,,,,,,
1014,1/28/2019,113,55278,,,,,,,,,,,,,,,,,
1015,4/27/2020,115,15726,,,,,,,,,,,,,,,,,
1016,9/11/2019,116,58698,,,,,,,,,,,,,,,,,
1017,11/6/2019,117,73451,,,,,,,,,,,,,,,,,
1018,9/11/2019,116,34497,,,,,,,,,,,,,,,,,
1019,6/5/2019,111,6217,,,,,,,,,,,,,,,,,
1020,12/23/2020,104,74025,,,,,,,,,,,,,,,,,
1021,2/6/2019,105,38396,,,,,,,,,,,,,,,,,
1022,2/10/2019,104,30542,,,,,,,,,,,,,,,,,
1023,4/19/2020,109,3419,,,,,,,,,,,,,,,,,
1024,5/11/2020,108,89552,,,,,,,,,,,,,,,,,
1025,5/7/2020,109,80614,,,,,,,,,,,,,,,,,
1026,7/3/2019,110,33976,,,,,,,,,,,,,,,,,
1027,6/7/2019,100,59384,,,,,,,,,,,,,,,,,
1028,7/22/2020,114,54453,,,,,,,,,,,,,,,,,
1029,9/1/2019,118,53074,,,,,,,,,,,,,,,,,
1030,10/3/2019,101,26587,,,,,,,,,,,,,,,,,
1031,4/26/2019,110,81764,,,,,,,,,,,,,,,,,
1032,2/17/2021,112,41067,,,,,,,,,,,,,,,,,
1033,3/9/2020,111,96001,,,,,,,,,,,,,,,,,
1034,5/23/2019,118,75648,,,,,,,,,,,,,,,,,
1035,9/14/2019,111,82965,,,,,,,,,,,,,,,,,
1036,6/4/2021,112,13378,,,,,,,,,,,,,,,,,
1037,9/13/2020,118,16017,,,,,,,,,,,,,,,,,
1038,6/9/2021,100,50865,,,,,,,,,,,,,,,,,
1039,6/15/2020,104,79267,,,,,,,,,,,,,,,,,
1040,3/12/2019,103,54844,,,,,,,,,,,,,,,,,
1041,2/6/2020,117,19493,,,,,,,,,,,,,,,,,
1042,7/3/2019,112,88553,,,,,,,,,,,,,,,,,
1043,3/8/2019,114,46527,,,,,,,,,,,,,,,,,
1044,7/16/2019,116,31105,,,,,,,,,,,,,,,,,
1045,9/6/2019,112,68427,,,,,,,,,,,,,,,,,
1046,12/7/2020,112,75922,,,,,,,,,,,,,,,,,
1047,4/30/2019,115,54062,,,,,,,,,,,,,,,,,
1048,8/19/2020,111,60286,,,,,,,,,,,,,,,,,
1049,3/3/2019,108,23584,,,,,,,,,,,,,,,,,
1050,11/2/2019,101,22658,,,,,,,,,,,,,,,,,
1051,3/10/2020,103,70333,,,,,,,,,,,,,,,,,
1052,3/5/2021,105,98994,,,,,,,,,,,,,,,,,
1053,1/10/2020,101,7730,,,,,,,,,,,,,,,,,
1054,5/26/2020,101,97435,,,,,,,,,,,,,,,,,
1055,11/10/2020,106,84092,,,,,,,,,,,,,,,,,
1056,4/21/2020,101,40481,,,,,,,,,,,,,,,,,
1057,8/19/2019,109,44432,,,,,,,,,,,,,,,,,
1058,4/28/2021,116,50082,,,,,,,,,,,,,,,,,
1059,6/15/2020,103,52701,,,,,,,,,,,,,,,,,
1060,10/31/2020,101,20062,,,,,,,,,,,,,,,,,
1061,2/11/2021,111,91388,,,,,,,,,,,,,,,,,
1062,8/21/2019,113,43026,,,,,,,,,,,,,,,,,
1063,1/25/2019,116,45067,,,,,,,,,,,,,,,,,
1064,6/23/2019,112,52269,,,,,,,,,,,,,,,,,
1065,3/12/2019,106,19983,,,,,,,,,,,,,,,,,
1066,6/7/2020,106,10380,,,,,,,,,,,,,,,,,
1067,12/21/2019,104,90350,,,,,,,,,,,,,,,,,
1068,9/27/2020,109,41137,,,,,,,,,,,,,,,,,
1069,10/1/2019,107,56137,,,,,,,,,,,,,,,,,
1070,1/2/2020,115,85230,,,,,,,,,,,,,,,,,
1071,10/21/2020,106,56268,,,,,,,,,,,,,,,,,
1072,12/24/2020,114,78709,,,,,,,,,,,,,,,,,
1073,1/30/2019,106,37860,,,,,,,,,,,,,,,,,
1074,5/15/2020,104,13551,,,,,,,,,,,,,,,,,
1075,4/30/2019,115,57206,,,,,,,,,,,,,,,,,
1076,3/20/2019,110,10503,,,,,,,,,,,,,,,,,
1077,3/5/2021,114,56659,,,,,,,,,,,,,,,,,
1078,10/4/2019,111,6409,,,,,,,,,,,,,,,,,
1079,4/12/2021,106,95154,,,,,,,,,,,,,,,,,
1080,1/18/2019,103,39017,,,,,,,,,,,,,,,,,
1081,1/5/2019,109,32119,,,,,,,,,,,,,,,,,
1082,8/20/2019,105,43291,,,,,,,,,,,,,,,,,
1083,5/24/2021,115,86771,,,,,,,,,,,,,,,,,
1084,7/20/2019,105,35105,,,,,,,,,,,,,,,,,
1085,4/20/2020,101,90745,,,,,,,,,,,,,,,,,
1086,4/27/2021,108,94844,,,,,,,,,,,,,,,,,
1087,5/22/2019,106,73553,,,,,,,,,,,,,,,,,
1088,5/27/2019,104,75167,,,,,,,,,,,,,,,,,
1089,3/6/2020,101,40894,,,,,,,,,,,,,,,,,
1090,12/5/2019,111,55053,,,,,,,,,,,,,,,,,
1091,5/7/2019,100,74895,,,,,,,,,,,,,,,,,
1092,10/18/2019,116,65437,,,,,,,,,,,,,,,,,
1093,4/16/2020,118,39817,,,,,,,,,,,,,,,,,
1094,12/14/2019,107,39613,,,,,,,,,,,,,,,,,
1095,3/31/2021,107,65420,,,,,,,,,,,,,,,,,
1096,3/18/2019,116,11860,,,,,,,,,,,,,,,,,
1097,3/29/2020,106,27736,,,,,,,,,,,,,,,,,
1098,1/6/2019,118,41161,,,,,,,,,,,,,,,,,
1099,10/14/2019,108,25756,,,,,,,,,,,,,,,,,
1100,3/9/2020,102,17368,,,,,,,,,,,,,,,,,
1101,1/20/2020,106,86553,,,,,,,,,,,,,,,,,
1102,11/30/2019,106,77491,,,,,,,,,,,,,,,,,
1103,12/31/2019,102,79154,,,,,,,,,,,,,,,,,
1104,6/22/2019,104,22574,,,,,,,,,,,,,,,,,
1105,3/24/2021,116,14873,,,,,,,,,,,,,,,,,
1106,6/14/2020,107,23573,,,,,,,,,,,,,,,,,
1107,8/16/2019,110,35482,,,,,,,,,,,,,,,,,
1108,1/31/2021,118,71418,,,,,,,,,,,,,,,,,
1109,9/17/2020,107,90364,,,,,,,,,,,,,,,,,
1110,2/14/2020,102,62947,,,,,,,,,,,,,,,,,
1111,9/10/2020,103,55760,,,,,,,,,,,,,,,,,
1112,4/25/2020,117,45798,,,,,,,,,,,,,,,,,
1113,7/9/2020,108,25867,,,,,,,,,,,,,,,,,
1114,10/9/2019,108,63047,,,,,,,,,,,,,,,,,
1115,3/1/2020,104,35858,,,,,,,,,,,,,,,,,
1116,5/16/2020,114,44640,,,,,,,,,,,,,,,,,
1117,8/5/2019,109,76760,,,,,,,,,,,,,,,,,
1118,7/1/2021,112,59346,,,,,,,,,,,,,,,,,
1119,7/31/2020,112,55155,,,,,,,,,,,,,,,,,
1120,5/8/2019,106,33868,,,,,,,,,,,,,,,,,
1121,10/22/2019,111,29517,,,,,,,,,,,,,,,,,
1122,1/10/2021,118,22537,,,,,,,,,,,,,,,,,
1123,8/16/2019,107,87196,,,,,,,,,,,,,,,,,
1124,1/13/2021,110,81901,,,,,,,,,,,,,,,,,
1125,8/11/2020,116,37175,,,,,,,,,,,,,,,,,
1126,1/13/2020,104,14192,,,,,,,,,,,,,,,,,
1127,4/19/2020,111,74478,,,,,,,,,,,,,,,,,
1128,1/20/2020,100,50603,,,,,,,,,,,,,,,,,
1129,3/15/2020,118,8541,,,,,,,,,,,,,,,,,
1130,4/11/2019,111,29865,,,,,,,,,,,,,,,,,
1131,6/8/2019,118,86064,,,,,,,,,,,,,,,,,
1132,4/25/2019,114,71506,,,,,,,,,,,,,,,,,
1133,1/5/2021,110,15191,,,,,,,,,,,,,,,,,
1134,11/18/2019,111,48276,,,,,,,,,,,,,,,,,
1135,9/18/2020,110,94116,,,,,,,,,,,,,,,,,
1136,5/21/2021,107,45677,,,,,,,,,,,,,,,,,
1137,1/31/2021,102,77111,,,,,,,,,,,,,,,,,
1138,1/16/2021,114,96913,,,,,,,,,,,,,,,,,
1139,3/22/2021,112,24169,,,,,,,,,,,,,,,,,
1140,10/3/2020,107,80558,,,,,,,,,,,,,,,,,
1141,8/13/2020,113,44054,,,,,,,,,,,,,,,,,
1142,1/25/2020,104,73904,,,,,,,,,,,,,,,,,
1143,10/3/2020,104,49215,,,,,,,,,,,,,,,,,
1144,2/2/2019,117,5690,,,,,,,,,,,,,,,,,
1145,4/29/2019,117,76201,,,,,,,,,,,,,,,,,
1146,9/1/2020,109,40713,,,,,,,,,,,,,,,,,
1147,12/13/2020,112,34292,,,,,,,,,,,,,,,,,
1148,1/8/2021,106,94465,,,,,,,,,,,,,,,,,
1149,9/3/2019,103,2436,,,,,,,,,,,,,,,,,
1150,8/5/2020,107,56280,,,,,,,,,,,,,,,,,
1151,6/8/2019,111,49749,,,,,,,,,,,,,,,,,
1152,6/7/2020,103,44029,,,,,,,,,,,,,,,,,
1153,12/2/2020,101,66190,,,,,,,,,,,,,,,,,
1154,5/9/2021,112,37936,,,,,,,,,,,,,,,,,
1155,7/15/2019,105,86948,,,,,,,,,,,,,,,,,
1156,3/19/2021,105,8184,,,,,,,,,,,,,,,,,
1157,8/15/2019,102,75616,,,,,,,,,,,,,,,,,
1158,10/28/2020,115,94963,,,,,,,,,,,,,,,,,
1159,1/28/2020,101,74957,,,,,,,,,,,,,,,,,
1160,3/3/2021,100,53478,,,,,,,,,,,,,,,,,
1161,6/7/2019,116,82888,,,,,,,,,,,,,,,,,
1162,10/23/2019,114,78800,,,,,,,,,,,,,,,,,
1163,8/10/2020,104,94233,,,,,,,,,,,,,,,,,
1164,7/12/2020,101,74990,,,,,,,,,,,,,,,,,
1165,11/5/2019,101,64949,,,,,,,,,,,,,,,,,
1166,2/7/2020,102,18899,,,,,,,,,,,,,,,,,
1167,1/24/2021,110,38881,,,,,,,,,,,,,,,,,
1168,2/28/2019,116,26592,,,,,,,,,,,,,,,,,
1169,7/9/2021,110,56462,,,,,,,,,,,,,,,,,
1170,11/21/2019,106,93935,,,,,,,,,,,,,,,,,
1171,11/10/2019,102,44278,,,,,,,,,,,,,,,,,
1172,11/22/2019,107,47528,,,,,,,,,,,,,,,,,
1173,6/11/2021,102,10480,,,,,,,,,,,,,,,,,
1174,2/4/2020,112,23244,,,,,,,,,,,,,,,,,
1175,5/25/2021,114,59472,,,,,,,,,,,,,,,,,
1176,8/22/2019,111,76437,,,,,,,,,,,,,,,,,
1177,1/29/2021,113,90381,,,,,,,,,,,,,,,,,
1178,10/5/2020,106,95390,,,,,,,,,,,,,,,,,
1179,8/29/2019,100,74781,,,,,,,,,,,,,,,,,
1180,2/11/2019,113,19765,,,,,,,,,,,,,,,,,
1181,5/16/2020,118,79549,,,,,,,,,,,,,,,,,
1182,1/1/2021,101,36050,,,,,,,,,,,,,,,,,
1183,4/20/2021,100,10429,,,,,,,,,,,,,,,,,
1184,12/22/2020,115,61693,,,,,,,,,,,,,,,,,
1185,11/18/2019,109,41423,,,,,,,,,,,,,,,,,
1186,3/11/2021,110,65484,,,,,,,,,,,,,,,,,
1187,8/22/2020,116,85975,,,,,,,,,,,,,,,,,
1188,8/6/2020,114,24398,,,,,,,,,,,,,,,,,
1189,4/28/2021,115,53656,,,,,,,,,,,,,,,,,
1190,6/4/2021,111,45734,,,,,,,,,,,,,,,,,
1191,1/12/2020,107,89738,,,,,,,,,,,,,,,,,
1192,5/4/2021,113,4796,,,,,,,,,,,,,,,,,
1193,4/16/2020,101,66580,,,,,,,,,,,,,,,,,
1194,4/22/2019,118,45365,,,,,,,,,,,,,,,,,
1195,3/11/2019,113,96876,,,,,,,,,,,,,,,,,
1196,9/24/2019,100,73921,,,,,,,,,,,,,,,,,
1197,6/23/2021,102,28060,,,,,,,,,,,,,,,,,
1198,9/9/2019,100,47183,,,,,,,,,,,,,,,,,
1199,5/20/2019,107,22264,,,,,,,,,,,,,,,,,
1200,3/12/2021,105,55901,,,,,,,,,,,,,,,,,
1201,12/31/2020,108,41980,,,,,,,,,,,,,,,,,
1202,6/29/2020,100,61393,,,,,,,,,,,,,,,,,
1203,5/19/2021,115,62663,,,,,,,,,,,,,,,,,
1204,4/10/2019,114,65961,,,,,,,,,,,,,,,,,
1205,12/6/2019,108,41812,,,,,,,,,,,,,,,,,
1206,6/10/2019,113,94996,,,,,,,,,,,,,,,,,
1207,1/27/2019,118,39660,,,,,,,,,,,,,,,,,
1208,2/13/2019,105,68299,,,,,,,,,,,,,,,,,
1209,12/10/2020,112,54649,,,,,,,,,,,,,,,,,
1210,5/14/2021,118,60712,,,,,,,,,,,,,,,,,
1211,12/31/2020,106,28368,,,,,,,,,,,,,,,,,
1212,8/7/2019,102,19023,,,,,,,,,,,,,,,,,
1213,8/2/2019,106,76336,,,,,,,,,,,,,,,,,
1214,8/13/2020,101,66779,,,,,,,,,,,,,,,,,
1215,2/2/2019,101,4066,,,,,,,,,,,,,,,,,
1216,2/23/2021,111,84112,,,,,,,,,,,,,,,,,
1217,7/11/2019,117,58514,,,,,,,,,,,,,,,,,
1218,5/29/2019,105,54951,,,,,,,,,,,,,,,,,
1219,3/28/2020,106,86907,,,,,,,,,,,,,,,,,
1220,3/17/2019,111,27834,,,,,,,,,,,,,,,,,
1221,11/6/2020,108,19068,,,,,,,,,,,,,,,,,
1222,7/29/2020,114,26128,,,,,,,,,,,,,,,,,
1223,1/16/2019,101,75180,,,,,,,,,,,,,,,,,
1224,3/2/2020,102,13952,,,,,,,,,,,,,,,,,
1225,4/22/2020,117,16028,,,,,,,,,,,,,,,,,
1226,7/9/2020,115,39596,,,,,,,,,,,,,,,,,
1227,12/11/2020,103,51442,,,,,,,,,,,,,,,,,
1228,9/23/2020,109,19188,,,,,,,,,,,,,,,,,
1229,2/17/2020,117,87971,,,,,,,,,,,,,,,,,
1230,4/26/2021,109,63218,,,,,,,,,,,,,,,,,
1231,8/13/2020,117,69602,,,,,,,,,,,,,,,,,
1232,12/29/2020,117,65997,,,,,,,,,,,,,,,,,
1233,2/12/2021,102,25849,,,,,,,,,,,,,,,,,
1234,10/12/2019,102,17392,,,,,,,,,,,,,,,,,
1235,10/9/2020,111,99069,,,,,,,,,,,,,,,,,
1236,7/30/2019,105,9920,,,,,,,,,,,,,,,,,
1237,2/24/2020,101,49574,,,,,,,,,,,,,,,,,
1238,2/4/2020,100,33184,,,,,,,,,,,,,,,,,
1239,3/20/2019,117,59892,,,,,,,,,,,,,,,,,
1240,12/13/2019,105,93123,,,,,,,,,,,,,,,,,
1241,10/16/2020,114,73811,,,,,,,,,,,,,,,,,
1242,6/19/2019,113,61694,,,,,,,,,,,,,,,,,
1243,4/22/2019,107,97243,,,,,,,,,,,,,,,,,
1244,9/26/2020,103,76985,,,,,,,,,,,,,,,,,
1245,3/9/2019,110,42149,,,,,,,,,,,,,,,,,
1246,10/3/2019,105,21513,,,,,,,,,,,,,,,,,
1247,2/9/2019,111,25784,,,,,,,,,,,,,,,,,
1248,12/2/2019,111,6407,,,,,,,,,,,,,,,,,
1249,2/27/2021,105,94712,,,,,,,,,,,,,,,,,
1250,4/5/2020,107,94281,,,,,,,,,,,,,,,,,
1251,11/14/2019,111,43995,,,,,,,,,,,,,,,,,
1252,4/18/2021,111,5335,,,,,,,,,,,,,,,,,
1253,1/10/2020,100,19010,,,,,,,,,,,,,,,,,
1254,3/1/2019,104,35815,,,,,,,,,,,,,,,,,
1255,11/3/2020,107,16800,,,,,,,,,,,,,,,,,
1256,11/6/2019,110,63306,,,,,,,,,,,,,,,,,
1257,12/26/2020,101,33788,,,,,,,,,,,,,,,,,
1258,6/7/2019,107,87445,,,,,,,,,,,,,,,,,
1259,5/7/2019,118,86895,,,,,,,,,,,,,,,,,
1260,11/11/2019,100,43617,,,,,,,,,,,,,,,,,
1261,2/11/2021,106,16517,,,,,,,,,,,,,,,,,
1262,11/2/2019,117,13700,,,,,,,,,,,,,,,,,
1263,11/9/2019,106,48762,,,,,,,,,,,,,,,,,
1264,8/29/2019,114,91358,,,,,,,,,,,,,,,,,
1265,7/29/2020,108,8133,,,,,,,,,,,,,,,,,
1266,5/13/2019,116,82591,,,,,,,,,,,,,,,,,
1267,11/6/2020,104,39686,,,,,,,,,,,,,,,,,
1268,11/22/2019,106,45337,,,,,,,,,,,,,,,,,
1269,4/26/2021,101,2518,,,,,,,,,,,,,,,,,
1270,6/18/2019,106,97418,,,,,,,,,,,,,,,,,
1271,3/9/2019,115,66021,,,,,,,,,,,,,,,,,
1272,2/10/2021,118,69102,,,,,,,,,,,,,,,,,
1273,9/29/2019,109,76762,,,,,,,,,,,,,,,,,
1274,1/13/2021,116,31279,,,,,,,,,,,,,,,,,
1275,7/28/2019,114,49307,,,,,,,,,,,,,,,,,
1276,6/1/2019,107,64584,,,,,,,,,,,,,,,,,
1277,8/23/2019,118,54501,,,,,,,,,,,,,,,,,
1278,2/23/2020,100,86521,,,,,,,,,,,,,,,,,
1279,3/11/2020,116,20601,,,,,,,,,,,,,,,,,
1280,1/22/2020,118,32398,,,,,,,,,,,,,,,,,
1281,3/22/2020,107,46468,,,,,,,,,,,,,,,,,
1282,2/11/2019,116,55261,,,,,,,,,,,,,,,,,
1283,2/21/2019,116,26941,,,,,,,,,,,,,,,,,
1284,4/15/2021,105,56807,,,,,,,,,,,,,,,,,
1285,4/14/2021,115,80693,,,,,,,,,,,,,,,,,
1286,3/29/2019,110,29036,,,,,,,,,,,,,,,,,
1287,9/14/2019,108,92987,,,,,,,,,,,,,,,,,
1288,11/2/2019,118,20563,,,,,,,,,,,,,,,,,
1289,4/26/2019,109,73698,,,,,,,,,,,,,,,,,
1290,3/24/2021,112,79063,,,,,,,,,,,,,,,,,
1291,9/13/2020,114,93593,,,,,,,,,,,,,,,,,
1292,6/16/2021,101,29905,,,,,,,,,,,,,,,,,
1293,1/24/2020,100,65635,,,,,,,,,,,,,,,,,
1294,1/5/2021,115,98975,,,,,,,,,,,,,,,,,
1295,8/10/2019,102,96816,,,,,,,,,,,,,,,,,
1296,11/2/2020,107,7240,,,,,,,,,,,,,,,,,
1297,1/28/2021,115,18686,,,,,,,,,,,,,,,,,
1298,8/20/2019,111,39084,,,,,,,,,,,,,,,,,
1299,3/31/2021,116,77604,,,,,,,,,,,,,,,,,
1300,5/15/2019,113,38043,,,,,,,,,,,,,,,,,
1301,6/17/2021,116,99774,,,,,,,,,,,,,,,,,
1302,5/23/2020,115,92254,,,,,,,,,,,,,,,,,
1303,2/22/2019,112,34641,,,,,,,,,,,,,,,,,
1304,2/10/2021,111,67993,,,,,,,,,,,,,,,,,
1305,5/12/2020,111,65406,,,,,,,,,,,,,,,,,
1306,2/7/2020,118,72061,,,,,,,,,,,,,,,,,
1307,2/14/2019,117,85563,,,,,,,,,,,,,,,,,
1308,12/31/2020,100,86550,,,,,,,,,,,,,,,,,
1309,9/7/2020,118,35742,,,,,,,,,,,,,,,,,
1310,7/3/2020,115,68553,,,,,,,,,,,,,,,,,
1311,4/20/2020,113,69847,,,,,,,,,,,,,,,,,
1312,7/9/2021,109,22723,,,,,,,,,,,,,,,,,
1313,11/12/2020,100,8200,,,,,,,,,,,,,,,,,
1314,3/17/2020,106,83892,,,,,,,,,,,,,,,,,
1315,9/2/2019,117,34359,,,,,,,,,,,,,,,,,
1316,1/7/2021,103,78188,,,,,,,,,,,,,,,,,
1317,8/17/2020,101,40782,,,,,,,,,,,,,,,,,
1318,2/15/2019,109,76906,,,,,,,,,,,,,,,,,
1319,1/20/2021,114,58697,,,,,,,,,,,,,,,,,
1320,4/28/2019,110,20126,,,,,,,,,,,,,,,,,
1321,6/28/2020,117,67762,,,,,,,,,,,,,,,,,
1322,6/26/2020,103,33184,,,,,,,,,,,,,,,,,
1323,1/10/2020,100,78564,,,,,,,,,,,,,,,,,
1324,1/24/2020,100,65960,,,,,,,,,,,,,,,,,
1325,7/28/2020,115,19230,,,,,,,,,,,,,,,,,
1326,4/18/2020,118,85002,,,,,,,,,,,,,,,,,
1327,5/16/2019,103,79745,,,,,,,,,,,,,,,,,
1328,10/12/2019,116,95622,,,,,,,,,,,,,,,,,
1329,7/7/2021,110,25852,,,,,,,,,,,,,,,,,
1330,8/3/2020,116,33477,,,,,,,,,,,,,,,,,
1331,4/5/2019,112,28437,,,,,,,,,,,,,,,,,
1332,12/28/2020,109,27975,,,,,,,,,,,,,,,,,
1333,3/4/2021,107,99736,,,,,,,,,,,,,,,,,
1334,7/17/2020,105,95249,,,,,,,,,,,,,,,,,
1335,4/30/2020,101,28618,,,,,,,,,,,,,,,,,
1336,3/24/2021,107,48273,,,,,,,,,,,,,,,,,
1337,6/17/2020,101,27639,,,,,,,,,,,,,,,,,
1338,5/15/2020,107,37543,,,,,,,,,,,,,,,,,
1339,6/14/2021,103,64324,,,,,,,,,,,,,,,,,
1340,3/14/2019,116,49719,,,,,,,,,,,,,,,,,
1341,10/31/2020,115,88989,,,,,,,,,,,,,,,,,
1342,11/9/2019,116,45175,,,,,,,,,,,,,,,,,
1343,1/22/2021,104,46953,,,,,,,,,,,,,,,,,
1344,5/2/2020,103,68050,,,,,,,,,,,,,,,,,
1345,8/1/2020,100,66963,,,,,,,,,,,,,,,,,
1346,3/15/2020,117,12988,,,,,,,,,,,,,,,,,
1347,1/16/2019,107,26342,,,,,,,,,,,,,,,,,
1348,2/1/2021,114,8816,,,,,,,,,,,,,,,,,
1349,9/3/2020,103,90650,,,,,,,,,,,,,,,,,
1350,12/21/2020,114,42092,,,,,,,,,,,,,,,,,
1351,9/2/2019,118,85001,,,,,,,,,,,,,,,,,
1352,12/25/2020,117,68638,,,,,,,,,,,,,,,,,
1353,2/28/2019,112,22315,,,,,,,,,,,,,,,,,
1354,6/22/2019,110,64073,,,,,,,,,,,,,,,,,
1355,2/26/2020,112,87698,,,,,,,,,,,,,,,,,
1356,4/3/2021,110,16492,,,,,,,,,,,,,,,,,
1357,1/27/2020,110,59938,,,,,,,,,,,,,,,,,
1358,1/30/2020,115,96998,,,,,,,,,,,,,,,,,
1359,3/19/2019,108,73422,,,,,,,,,,,,,,,,,
1360,11/25/2020,101,19588,,,,,,,,,,,,,,,,,
1361,3/7/2020,117,44288,,,,,,,,,,,,,,,,,
1362,1/30/2019,113,93213,,,,,,,,,,,,,,,,,
1363,1/15/2019,116,14200,,,,,,,,,,,,,,,,,
1364,4/20/2020,111,12993,,,,,,,,,,,,,,,,,
1365,2/2/2021,106,2869,,,,,,,,,,,,,,,,,
1366,4/9/2019,109,80711,,,,,,,,,,,,,,,,,
1367,9/8/2020,114,73649,,,,,,,,,,,,,,,,,
1368,7/8/2020,113,27504,,,,,,,,,,,,,,,,,
1369,11/17/2019,117,69472,,,,,,,,,,,,,,,,,
1370,3/22/2019,111,28627,,,,,,,,,,,,,,,,,
1371,3/7/2020,112,61900,,,,,,,,,,,,,,,,,
1372,8/31/2020,108,43091,,,,,,,,,,,,,,,,,
1373,1/17/2020,106,55004,,,,,,,,,,,,,,,,,
1374,5/28/2021,107,79078,,,,,,,,,,,,,,,,,
1375,9/21/2019,113,16474,,,,,,,,,,,,,,,,,
1376,9/21/2019,118,43165,,,,,,,,,,,,,,,,,
1377,6/17/2019,116,26324,,,,,,,,,,,,,,,,,
1378,9/19/2019,116,45205,,,,,,,,,,,,,,,,,
1379,2/15/2019,111,37517,,,,,,,,,,,,,,,,,
1380,3/17/2021,108,15244,,,,,,,,,,,,,,,,,
1381,7/9/2019,114,59938,,,,,,,,,,,,,,,,,
1382,9/1/2020,113,24142,,,,,,,,,,,,,,,,,
1383,10/20/2019,100,67172,,,,,,,,,,,,,,,,,
1384,4/4/2020,118,76211,,,,,,,,,,,,,,,,,
1385,12/13/2020,112,65358,,,,,,,,,,,,,,,,,
1386,7/10/2020,115,96280,,,,,,,,,,,,,,,,,
1387,4/2/2019,118,22128,,,,,,,,,,,,,,,,,
1388,12/17/2020,112,77581,,,,,,,,,,,,,,,,,
1389,4/17/2021,114,4499,,,,,,,,,,,,,,,,,
1390,3/18/2021,100,64955,,,,,,,,,,,,,,,,,
1391,7/10/2021,107,27501,,,,,,,,,,,,,,,,,
1392,10/1/2020,118,90814,,,,,,,,,,,,,,,,,
1393,6/30/2020,116,63907,,,,,,,,,,,,,,,,,
1394,8/7/2020,106,4716,,,,,,,,,,,,,,,,,
1395,2/22/2021,104,50389,,,,,,,,,,,,,,,,,
1396,11/6/2019,115,91768,,,,,,,,,,,,,,,,,
1397,1/5/2019,118,67857,,,,,,,,,,,,,,,,,
1398,12/29/2019,113,54076,,,,,,,,,,,,,,,,,
1399,4/7/2021,103,40198,,,,,,,,,,,,,,,,,
1400,1/2/2020,114,12917,,,,,,,,,,,,,,,,,
1401,1/12/2019,105,53166,,,,,,,,,,,,,,,,,
1402,11/7/2019,105,10169,,,,,,,,,,,,,,,,,
1403,3/20/2020,110,21840,,,,,,,,,,,,,,,,,
1404,2/25/2020,114,366,,,,,,,,,,,,,,,,,
1405,11/18/2020,117,31707,,,,,,,,,,,,,,,,,
1406,8/8/2019,108,76156,,,,,,,,,,,,,,,,,
1407,3/1/2020,114,20504,,,,,,,,,,,,,,,,,
1408,7/11/2020,116,89393,,,,,,,,,,,,,,,,,
1409,1/15/2019,105,87660,,,,,,,,,,,,,,,,,
1410,12/30/2020,102,64624,,,,,,,,,,,,,,,,,
1411,3/17/2020,105,75800,,,,,,,,,,,,,,,,,
1412,1/12/2021,115,3936,,,,,,,,,,,,,,,,,
1413,2/17/2021,103,7101,,,,,,,,,,,,,,,,,
1414,12/8/2020,104,90704,,,,,,,,,,,,,,,,,
1415,11/1/2020,109,62952,,,,,,,,,,,,,,,,,
1416,8/17/2020,117,98897,,,,,,,,,,,,,,,,,
1417,11/8/2020,101,36037,,,,,,,,,,,,,,,,,
1418,9/15/2019,101,22730,,,,,,,,,,,,,,,,,
1419,9/13/2019,115,90910,,,,,,,,,,,,,,,,,
1420,8/2/2020,112,94844,,,,,,,,,,,,,,,,,
1421,6/8/2021,108,37779,,,,,,,,,,,,,,,,,
1422,1/5/2021,104,41635,,,,,,,,,,,,,,,,,
1423,7/10/2020,113,40914,,,,,,,,,,,,,,,,,
1424,7/2/2020,107,82144,,,,,,,,,,,,,,,,,
1425,7/7/2020,101,48332,,,,,,,,,,,,,,,,,
1426,1/31/2020,107,28934,,,,,,,,,,,,,,,,,
1427,9/14/2020,114,96729,,,,,,,,,,,,,,,,,
1428,11/16/2020,108,61626,,,,,,,,,,,,,,,,,
1429,9/28/2019,107,78346,,,,,,,,,,,,,,,,,
1430,8/23/2020,105,31491,,,,,,,,,,,,,,,,,
1431,7/19/2019,109,26640,,,,,,,,,,,,,,,,,
1432,9/8/2020,104,99036,,,,,,,,,,,,,,,,,
1433,2/22/2021,111,95782,,,,,,,,,,,,,,,,,
1434,1/31/2021,105,93923,,,,,,,,,,,,,,,,,
1435,1/11/2021,114,5452,,,,,,,,,,,,,,,,,
1436,2/17/2020,101,72864,,,,,,,,,,,,,,,,,
1437,7/29/2019,116,67434,,,,,,,,,,,,,,,,,
1438,5/10/2019,111,67664,,,,,,,,,,,,,,,,,
1439,4/9/2021,106,32210,,,,,,,,,,,,,,,,,
1440,4/15/2020,114,99897,,,,,,,,,,,,,,,,,
1441,5/31/2021,100,8540,,,,,,,,,,,,,,,,,
1442,9/21/2019,106,23098,,,,,,,,,,,,,,,,,
1443,11/6/2019,108,94346,,,,,,,,,,,,,,,,,
1444,12/14/2020,109,4714,,,,,,,,,,,,,,,,,
1445,4/18/2019,111,14123,,,,,,,,,,,,,,,,,
1446,7/18/2019,108,76613,,,,,,,,,,,,,,,,,
1447,10/27/2019,111,23081,,,,,,,,,,,,,,,,,
1448,11/15/2019,117,8328,,,,,,,,,,,,,,,,,
1449,9/11/2019,113,32685,,,,,,,,,,,,,,,,,
1450,2/9/2020,105,5812,,,,,,,,,,,,,,,,,
1451,4/30/2021,117,38173,,,,,,,,,,,,,,,,,
1452,6/5/2020,100,12550,,,,,,,,,,,,,,,,,
1453,6/21/2020,104,99535,,,,,,,,,,,,,,,,,
1454,11/7/2020,114,26978,,,,,,,,,,,,,,,,,
1455,8/15/2019,109,21443,,,,,,,,,,,,,,,,,
1456,2/5/2019,117,40855,,,,,,,,,,,,,,,,,
1457,4/20/2021,113,16695,,,,,,,,,,,,,,,,,
1458,7/13/2020,116,27371,,,,,,,,,,,,,,,,,
1459,2/3/2020,105,25278,,,,,,,,,,,,,,,,,
1460,1/25/2019,108,36937,,,,,,,,,,,,,,,,,
1461,4/25/2020,110,66446,,,,,,,,,,,,,,,,,
1462,1/12/2021,104,1876,,,,,,,,,,,,,,,,,
1463,4/30/2021,108,27826,,,,,,,,,,,,,,,,,
1464,10/2/2019,112,75925,,,,,,,,,,,,,,,,,
1465,12/24/2019,111,66692,,,,,,,,,,,,,,,,,
1466,4/30/2021,111,86275,,,,,,,,,,,,,,,,,
1467,7/26/2019,118,79320,,,,,,,,,,,,,,,,,
1468,7/27/2019,104,71743,,,,,,,,,,,,,,,,,
1469,6/18/2020,117,76513,,,,,,,,,,,,,,,,,
1470,1/3/2020,114,13546,,,,,,,,,,,,,,,,,
1471,9/16/2020,106,63089,,,,,,,,,,,,,,,,,
1472,9/16/2019,103,50884,,,,,,,,,,,,,,,,,
1473,10/24/2020,112,75274,,,,,,,,,,,,,,,,,
1474,6/2/2021,101,44173,,,,,,,,,,,,,,,,,
1475,2/22/2020,105,38203,,,,,,,,,,,,,,,,,
1476,7/2/2020,109,97042,,,,,,,,,,,,,,,,,
1477,2/23/2021,101,29889,,,,,,,,,,,,,,,,,
1478,8/22/2020,118,22808,,,,,,,,,,,,,,,,,
1479,10/8/2020,106,82905,,,,,,,,,,,,,,,,,
1480,12/16/2019,107,53398,,,,,,,,,,,,,,,,,
1481,12/12/2019,113,70265,,,,,,,,,,,,,,,,,
1482,11/15/2020,115,12729,,,,,,,,,,,,,,,,,
1483,1/2/2019,107,75815,,,,,,,,,,,,,,,,,
1484,7/8/2020,110,75162,,,,,,,,,,,,,,,,,
1485,3/19/2021,116,42960,,,,,,,,,,,,,,,,,
1486,2/12/2019,103,39825,,,,,,,,,,,,,,,,,
1487,5/17/2021,117,23016,,,,,,,,,,,,,,,,,
1488,12/15/2019,113,91148,,,,,,,,,,,,,,,,,
1489,4/30/2019,111,22511,,,,,,,,,,,,,,,,,
1490,2/27/2019,109,19941,,,,,,,,,,,,,,,,,
1491,4/2/2020,115,54675,,,,,,,,,,,,,,,,,
1492,3/11/2021,101,37353,,,,,,,,,,,,,,,,,
1493,3/7/2019,118,86803,,,,,,,,,,,,,,,,,
1494,5/31/2020,109,46671,,,,,,,,,,,,,,,,,
1495,9/12/2019,103,81192,,,,,,,,,,,,,,,,,
1496,2/22/2020,118,79992,,,,,,,,,,,,,,,,,
1497,6/2/2019,116,48048,,,,,,,,,,,,,,,,,
1498,2/5/2019,109,15237,,,,,,,,,,,,,,,,,
1499,1/7/2020,108,41185,,,,,,,,,,,,,,,,,
1500,4/30/2019,100,50056,,,,,,,,,,,,,,,,,
1501,9/11/2020,118,95896,,,,,,,,,,,,,,,,,
1502,4/7/2021,106,16337,,,,,,,,,,,,,,,,,
1503,2/25/2020,101,2039,,,,,,,,,,,,,,,,,
1504,5/24/2021,118,1763,,,,,,,,,,,,,,,,,
1505,8/7/2019,117,72319,,,,,,,,,,,,,,,,,
1506,3/23/2019,102,61433,,,,,,,,,,,,,,,,,
1507,4/21/2019,115,69339,,,,,,,,,,,,,,,,,
1508,3/17/2020,108,87109,,,,,,,,,,,,,,,,,
1509,3/8/2021,112,90627,,,,,,,,,,,,,,,,,
1510,4/7/2020,103,26185,,,,,,,,,,,,,,,,,
1511,1/27/2021,101,67134,,,,,,,,,,,,,,,,,
1512,10/31/2020,117,45678,,,,,,,,,,,,,,,,,
1513,3/4/2019,104,23947,,,,,,,,,,,,,,,,,
1514,1/10/2020,113,74500,,,,,,,,,,,,,,,,,
1515,11/26/2020,115,74020,,,,,,,,,,,,,,,,,
1516,6/28/2019,114,58317,,,,,,,,,,,,,,,,,
1517,4/27/2019,103,19737,,,,,,,,,,,,,,,,,
1518,1/25/2020,107,77397,,,,,,,,,,,,,,,,,
1519,10/9/2020,117,53459,,,,,,,,,,,,,,,,,
1520,3/29/2019,103,70855,,,,,,,,,,,,,,,,,
1521,1/8/2019,106,30896,,,,,,,,,,,,,,,,,
1522,3/25/2021,112,78997,,,,,,,,,,,,,,,,,
1523,11/19/2020,103,45371,,,,,,,,,,,,,,,,,
1524,4/8/2020,117,27850,,,,,,,,,,,,,,,,,
1525,5/6/2019,102,61378,,,,,,,,,,,,,,,,,
1526,3/27/2020,117,60539,,,,,,,,,,,,,,,,,
1527,2/12/2019,102,76641,,,,,,,,,,,,,,,,,
1528,10/17/2019,112,77983,,,,,,,,,,,,,,,,,
1529,12/10/2019,118,25441,,,,,,,,,,,,,,,,,
1530,7/7/2021,107,40097,,,,,,,,,,,,,,,,,
1531,11/20/2019,118,27193,,,,,,,,,,,,,,,,,
1532,9/23/2020,110,36970,,,,,,,,,,,,,,,,,
1533,6/21/2021,116,21902,,,,,,,,,,,,,,,,,
1534,12/28/2019,110,55697,,,,,,,,,,,,,,,,,
1535,3/13/2021,113,1602,,,,,,,,,,,,,,,,,
1536,1/10/2021,107,78346,,,,,,,,,,,,,,,,,
1537,3/31/2019,111,98832,,,,,,,,,,,,,,,,,
1538,12/7/2019,117,78850,,,,,,,,,,,,,,,,,
1539,11/15/2019,103,44835,,,,,,,,,,,,,,,,,
1540,7/20/2020,107,90885,,,,,,,,,,,,,,,,,
1541,2/1/2019,106,6962,,,,,,,,,,,,,,,,,
1542,6/11/2019,112,26441,,,,,,,,,,,,,,,,,
1543,7/31/2019,101,27133,,,,,,,,,,,,,,,,,
1544,10/6/2019,117,6344,,,,,,,,,,,,,,,,,
1545,7/20/2019,114,94489,,,,,,,,,,,,,,,,,
1546,11/23/2019,118,66740,,,,,,,,,,,,,,,,,
1547,12/22/2020,102,76756,,,,,,,,,,,,,,,,,
1548,1/16/2019,115,18194,,,,,,,,,,,,,,,,,
1549,5/24/2020,116,58308,,,,,,,,,,,,,,,,,
1550,7/12/2020,112,41592,,,,,,,,,,,,,,,,,
1551,7/28/2020,111,59604,,,,,,,,,,,,,,,,,
1552,10/18/2019,112,25530,,,,,,,,,,,,,,,,,
1553,4/24/2020,109,92386,,,,,,,,,,,,,,,,,
1554,5/14/2020,116,64145,,,,,,,,,,,,,,,,,
1555,5/28/2019,109,73457,,,,,,,,,,,,,,,,,
1556,1/8/2020,116,32045,,,,,,,,,,,,,,,,,
1557,10/25/2020,108,95146,,,,,,,,,,,,,,,,,
1558,2/16/2019,116,96129,,,,,,,,,,,,,,,,,
1559,1/21/2021,116,81727,,,,,,,,,,,,,,,,,
1560,1/16/2020,104,99006,,,,,,,,,,,,,,,,,
1561,2/14/2019,101,45385,,,,,,,,,,,,,,,,,
1562,4/24/2021,107,76129,,,,,,,,,,,,,,,,,
1563,4/16/2020,109,57448,,,,,,,,,,,,,,,,,
1564,7/30/2020,101,59350,,,,,,,,,,,,,,,,,
1565,6/30/2021,114,99119,,,,,,,,,,,,,,,,,
1566,12/4/2020,106,52682,,,,,,,,,,,,,,,,,
1567,6/10/2021,101,67066,,,,,,,,,,,,,,,,,
1568,2/26/2021,104,6110,,,,,,,,,,,,,,,,,
1569,2/23/2019,102,43246,,,,,,,,,,,,,,,,,
1570,4/28/2021,111,52212,,,,,,,,,,,,,,,,,
1571,5/13/2021,105,14306,,,,,,,,,,,,,,,,,
1572,11/24/2019,113,70949,,,,,,,,,,,,,,,,,
1573,3/4/2021,100,18235,,,,,,,,,,,,,,,,,
1574,3/10/2020,104,1942,,,,,,,,,,,,,,,,,
1575,1/12/2021,112,70250,,,,,,,,,,,,,,,,,
1576,10/14/2020,115,83103,,,,,,,,,,,,,,,,,
1577,6/28/2019,101,23006,,,,,,,,,,,,,,,,,
1578,7/28/2019,104,77514,,,,,,,,,,,,,,,,,
1579,3/29/2021,116,83794,,,,,,,,,,,,,,,,,
1580,10/24/2019,106,75479,,,,,,,,,,,,,,,,,
1581,1/21/2020,110,60659,,,,,,,,,,,,,,,,,
1582,2/4/2020,102,18483,,,,,,,,,,,,,,,,,
1583,4/17/2019,113,2764,,,,,,,,,,,,,,,,,
1584,6/10/2021,111,86472,,,,,,,,,,,,,,,,,
1585,12/22/2020,101,75475,,,,,,,,,,,,,,,,,
1586,4/27/2020,106,67688,,,,,,,,,,,,,,,,,
1587,8/9/2020,105,1218,,,,,,,,,,,,,,,,,
1588,9/1/2019,112,46443,,,,,,,,,,,,,,,,,
1589,4/3/2019,114,58822,,,,,,,,,,,,,,,,,
1590,9/3/2019,108,66731,,,,,,,,,,,,,,,,,
1591,10/31/2019,109,31569,,,,,,,,,,,,,,,,,
1592,1/23/2020,111,37190,,,,,,,,,,,,,,,,,
1593,11/30/2019,100,66372,,,,,,,,,,,,,,,,,
1594,11/30/2020,103,9496,,,,,,,,,,,,,,,,,
1595,10/3/2020,111,74917,,,,,,,,,,,,,,,,,
1596,1/10/2021,118,37693,,,,,,,,,,,,,,,,,
1597,6/20/2019,113,64886,,,,,,,,,,,,,,,,,
1598,9/8/2019,115,77036,,,,,,,,,,,,,,,,,
1599,8/4/2020,110,61689,,,,,,,,,,,,,,,,,
1600,4/21/2021,118,60160,,,,,,,,,,,,,,,,,
1601,7/31/2019,104,91457,,,,,,,,,,,,,,,,,
1602,10/13/2020,113,79718,,,,,,,,,,,,,,,,,
1603,5/12/2019,104,31097,,,,,,,,,,,,,,,,,
1604,1/24/2021,104,39202,,,,,,,,,,,,,,,,,
1605,4/5/2020,115,80209,,,,,,,,,,,,,,,,,
1606,1/28/2019,112,30292,,,,,,,,,,,,,,,,,
1607,9/12/2019,102,6449,,,,,,,,,,,,,,,,,
1608,3/8/2020,113,21722,,,,,,,,,,,,,,,,,
1609,6/17/2019,112,43997,,,,,,,,,,,,,,,,,
1610,4/10/2021,112,637,,,,,,,,,,,,,,,,,
1611,2/4/2020,109,24064,,,,,,,,,,,,,,,,,
1612,7/9/2019,107,53064,,,,,,,,,,,,,,,,,
1613,1/17/2019,110,10009,,,,,,,,,,,,,,,,,
1614,10/4/2019,114,72594,,,,,,,,,,,,,,,,,
1615,3/31/2019,118,1931,,,,,,,,,,,,,,,,,
1616,1/25/2019,114,82209,,,,,,,,,,,,,,,,,
1617,9/30/2020,117,81833,,,,,,,,,,,,,,,,,
1618,10/7/2020,113,1962,,,,,,,,,,,,,,,,,
1619,3/14/2021,101,37212,,,,,,,,,,,,,,,,,
1620,1/7/2019,114,14606,,,,,,,,,,,,,,,,,
1621,4/3/2020,106,61474,,,,,,,,,,,,,,,,,
1622,12/19/2019,112,47576,,,,,,,,,,,,,,,,,
1623,6/12/2019,108,66358,,,,,,,,,,,,,,,,,
1624,7/6/2020,115,29648,,,,,,,,,,,,,,,,,
1625,9/29/2020,101,4690,,,,,,,,,,,,,,,,,
1626,5/13/2020,108,97391,,,,,,,,,,,,,,,,,
1627,10/24/2020,113,99280,,,,,,,,,,,,,,,,,
1628,10/2/2020,105,52389,,,,,,,,,,,,,,,,,
1629,1/21/2019,101,82924,,,,,,,,,,,,,,,,,
1630,3/14/2019,116,95778,,,,,,,,,,,,,,,,,
1631,5/7/2019,110,78334,,,,,,,,,,,,,,,,,
1632,5/12/2020,109,46012,,,,,,,,,,,,,,,,,
1633,9/9/2020,118,69051,,,,,,,,,,,,,,,,,
1634,9/25/2020,103,75638,,,,,,,,,,,,,,,,,
1635,5/9/2020,106,22283,,,,,,,,,,,,,,,,,
1636,7/9/2021,117,38361,,,,,,,,,,,,,,,,,
1637,12/5/2020,101,27329,,,,,,,,,,,,,,,,,
1638,10/2/2020,111,59664,,,,,,,,,,,,,,,,,
1639,6/7/2021,115,19967,,,,,,,,,,,,,,,,,
1640,11/25/2020,116,78959,,,,,,,,,,,,,,,,,
1641,12/10/2019,113,8577,,,,,,,,,,,,,,,,,
1642,11/20/2020,111,23890,,,,,,,,,,,,,,,,,
1643,5/22/2020,106,40593,,,,,,,,,,,,,,,,,
1644,5/13/2020,115,15568,,,,,,,,,,,,,,,,,
1645,7/22/2020,114,38407,,,,,,,,,,,,,,,,,
1646,10/3/2020,101,25072,,,,,,,,,,,,,,,,,
1647,6/15/2021,115,33796,,,,,,,,,,,,,,,,,
1648,3/27/2021,118,68334,,,,,,,,,,,,,,,,,
1649,6/24/2021,103,17246,,,,,,,,,,,,,,,,,
1650,1/13/2021,107,37205,,,,,,,,,,,,,,,,,
1651,5/26/2021,113,32850,,,,,,,,,,,,,,,,,
1652,8/12/2020,114,89596,,,,,,,,,,,,,,,,,
1653,6/17/2019,106,19848,,,,,,,,,,,,,,,,,
1654,7/19/2019,118,59411,,,,,,,,,,,,,,,,,
1655,8/17/2019,110,90811,,,,,,,,,,,,,,,,,
1656,2/1/2021,112,56502,,,,,,,,,,,,,,,,,
1657,10/4/2019,114,60658,,,,,,,,,,,,,,,,,
1658,8/23/2020,117,92575,,,,,,,,,,,,,,,,,
1659,11/9/2019,104,95863,,,,,,,,,,,,,,,,,
1660,2/21/2020,100,49470,,,,,,,,,,,,,,,,,
1661,8/11/2020,116,72799,,,,,,,,,,,,,,,,,
1662,5/6/2019,108,66423,,,,,,,,,,,,,,,,,
1663,12/21/2020,110,20306,,,,,,,,,,,,,,,,,
1664,3/9/2019,101,81572,,,,,,,,,,,,,,,,,
1665,5/30/2021,106,73688,,,,,,,,,,,,,,,,,
1666,8/14/2020,110,38706,,,,,,,,,,,,,,,,,
1667,2/8/2019,116,89608,,,,,,,,,,,,,,,,,
1668,1/9/2019,114,66144,,,,,,,,,,,,,,,,,
1669,8/8/2019,106,4242,,,,,,,,,,,,,,,,,
1670,3/27/2021,112,93208,,,,,,,,,,,,,,,,,
1671,5/15/2019,100,10018,,,,,,,,,,,,,,,,,
1672,1/7/2019,116,65492,,,,,,,,,,,,,,,,,
1673,12/29/2020,100,63098,,,,,,,,,,,,,,,,,
1674,3/29/2019,106,63997,,,,,,,,,,,,,,,,,
1675,5/4/2020,114,75232,,,,,,,,,,,,,,,,,
1676,5/13/2020,101,21605,,,,,,,,,,,,,,,,,
1677,7/25/2019,102,12892,,,,,,,,,,,,,,,,,
1678,10/5/2020,102,41662,,,,,,,,,,,,,,,,,
1679,11/2/2019,103,52735,,,,,,,,,,,,,,,,,
1680,8/7/2020,107,98340,,,,,,,,,,,,,,,,,
1681,8/7/2020,107,87508,,,,,,,,,,,,,,,,,
1682,11/7/2020,110,49396,,,,,,,,,,,,,,,,,
1683,1/21/2020,100,58843,,,,,,,,,,,,,,,,,
1684,9/13/2020,102,9846,,,,,,,,,,,,,,,,,
1685,1/2/2020,104,70053,,,,,,,,,,,,,,,,,
1686,2/14/2021,114,81086,,,,,,,,,,,,,,,,,
1687,7/7/2020,100,34527,,,,,,,,,,,,,,,,,
1688,4/9/2019,110,52275,,,,,,,,,,,,,,,,,
1689,7/21/2020,118,40099,,,,,,,,,,,,,,,,,
1690,1/30/2019,107,66968,,,,,,,,,,,,,,,,,
1691,4/21/2020,114,32000,,,,,,,,,,,,,,,,,
1692,3/4/2020,109,9718,,,,,,,,,,,,,,,,,
1693,7/6/2020,111,67503,,,,,,,,,,,,,,,,,
1694,10/22/2019,108,96323,,,,,,,,,,,,,,,,,
1695,7/17/2019,118,16753,,,,,,,,,,,,,,,,,
1696,12/18/2020,100,19358,,,,,,,,,,,,,,,,,
1697,3/16/2019,112,9433,,,,,,,,,,,,,,,,,
1698,5/21/2020,114,90065,,,,,,,,,,,,,,,,,
1699,1/13/2020,109,72248,,,,,,,,,,,,,,,,,
1700,3/8/2020,107,58617,,,,,,,,,,,,,,,,,
1701,11/29/2019,112,33909,,,,,,,,,,,,,,,,,
1702,4/28/2019,104,34980,,,,,,,,,,,,,,,,,
1703,3/25/2021,117,13594,,,,,,,,,,,,,,,,,
1704,6/18/2020,115,95192,,,,,,,,,,,,,,,,,
1705,3/13/2020,112,46579,,,,,,,,,,,,,,,,,
1706,1/19/2021,115,16005,,,,,,,,,,,,,,,,,
1707,3/17/2021,108,94242,,,,,,,,,,,,,,,,,
1708,6/6/2019,106,58313,,,,,,,,,,,,,,,,,
1709,11/27/2020,102,83961,,,,,,,,,,,,,,,,,
1710,5/21/2021,114,13776,,,,,,,,,,,,,,,,,
1711,2/10/2021,105,94009,,,,,,,,,,,,,,,,,
1712,1/5/2019,113,90975,,,,,,,,,,,,,,,,,
1713,3/8/2020,118,17083,,,,,,,,,,,,,,,,,
1714,8/25/2020,103,20900,,,,,,,,,,,,,,,,,
1715,10/22/2020,115,7309,,,,,,,,,,,,,,,,,
1716,3/12/2019,106,38865,,,,,,,,,,,,,,,,,
1717,6/29/2021,102,18203,,,,,,,,,,,,,,,,,
1718,12/18/2019,112,71184,,,,,,,,,,,,,,,,,
1719,2/1/2021,117,32392,,,,,,,,,,,,,,,,,
1720,10/28/2020,102,77896,,,,,,,,,,,,,,,,,
1721,3/10/2021,105,80413,,,,,,,,,,,,,,,,,
1722,6/24/2019,105,50606,,,,,,,,,,,,,,,,,
1723,11/5/2019,113,1459,,,,,,,,,,,,,,,,,
1724,3/18/2020,107,64406,,,,,,,,,,,,,,,,,
1725,3/11/2019,112,77274,,,,,,,,,,,,,,,,,
1726,12/10/2020,100,22762,,,,,,,,,,,,,,,,,
1727,7/27/2020,101,80289,,,,,,,,,,,,,,,,,
1728,1/3/2020,114,817,,,,,,,,,,,,,,,,,
1729,10/3/2020,103,78751,,,,,,,,,,,,,,,,,
1730,3/4/2021,112,57350,,,,,,,,,,,,,,,,,
1731,10/30/2019,118,54234,,,,,,,,,,,,,,,,,
1732,11/22/2020,113,85770,,,,,,,,,,,,,,,,,
1733,1/3/2020,103,43170,,,,,,,,,,,,,,,,,
1734,9/6/2020,114,6856,,,,,,,,,,,,,,,,,
1735,2/25/2021,117,30766,,,,,,,,,,,,,,,,,
1736,4/2/2019,116,62929,,,,,,,,,,,,,,,,,
1737,7/22/2020,113,10313,,,,,,,,,,,,,,,,,
1738,7/31/2020,110,80444,,,,,,,,,,,,,,,,,
1739,3/10/2021,103,82986,,,,,,,,,,,,,,,,,
1740,11/2/2020,100,4969,,,,,,,,,,,,,,,,,
1741,8/1/2020,112,54671,,,,,,,,,,,,,,,,,
1742,6/24/2021,114,5790,,,,,,,,,,,,,,,,,
1743,6/14/2021,102,93117,,,,,,,,,,,,,,,,,
1744,1/2/2020,113,84410,,,,,,,,,,,,,,,,,
1745,11/14/2020,113,16946,,,,,,,,,,,,,,,,,
1746,2/8/2021,111,35734,,,,,,,,,,,,,,,,,
1747,4/22/2021,105,27244,,,,,,,,,,,,,,,,,
1748,6/10/2021,117,35780,,,,,,,,,,,,,,,,,
1749,2/1/2021,101,59863,,,,,,,,,,,,,,,,,
1750,1/23/2021,103,46350,,,,,,,,,,,,,,,,,
1751,8/3/2019,109,28447,,,,,,,,,,,,,,,,,
1752,5/9/2020,100,35120,,,,,,,,,,,,,,,,,
1753,6/29/2019,109,55617,,,,,,,,,,,,,,,,,
1754,9/30/2020,111,78566,,,,,,,,,,,,,,,,,
1755,8/18/2020,112,3818,,,,,,,,,,,,,,,,,
1756,11/24/2019,105,96891,,,,,,,,,,,,,,,,,
1757,6/17/2021,111,71219,,,,,,,,,,,,,,,,,
1758,9/28/2020,113,4318,,,,,,,,,,,,,,,,,
1759,8/26/2020,106,60859,,,,,,,,,,,,,,,,,
1760,1/16/2020,106,72042,,,,,,,,,,,,,,,,,
1761,5/5/2021,116,53473,,,,,,,,,,,,,,,,,
1762,12/26/2020,103,71374,,,,,,,,,,,,,,,,,
1763,9/10/2019,110,74440,,,,,,,,,,,,,,,,,
1764,4/6/2020,100,91229,,,,,,,,,,,,,,,,,
1765,9/26/2019,105,79418,,,,,,,,,,,,,,,,,
1766,7/29/2019,101,82991,,,,,,,,,,,,,,,,,
1767,7/10/2019,109,45659,,,,,,,,,,,,,,,,,
1768,6/4/2020,102,80758,,,,,,,,,,,,,,,,,
1769,5/11/2019,109,13369,,,,,,,,,,,,,,,,,
1770,10/11/2020,112,47890,,,,,,,,,,,,,,,,,
1771,3/30/2021,117,71103,,,,,,,,,,,,,,,,,
1772,2/13/2019,101,86427,,,,,,,,,,,,,,,,,
1773,10/18/2019,104,33602,,,,,,,,,,,,,,,,,
1774,1/18/2021,110,421,,,,,,,,,,,,,,,,,
1775,3/29/2020,110,56730,,,,,,,,,,,,,,,,,
1776,3/8/2021,102,77124,,,,,,,,,,,,,,,,,
1777,11/5/2020,105,41073,,,,,,,,,,,,,,,,,
1778,11/2/2019,114,86101,,,,,,,,,,,,,,,,,
1779,4/15/2020,108,79487,,,,,,,,,,,,,,,,,
1780,2/12/2019,108,50238,,,,,,,,,,,,,,,,,
1781,7/15/2019,110,3508,,,,,,,,,,,,,,,,,
1782,3/31/2019,118,76231,,,,,,,,,,,,,,,,,
1783,3/12/2020,118,46897,,,,,,,,,,,,,,,,,
1784,9/20/2020,114,17609,,,,,,,,,,,,,,,,,
1785,3/8/2021,114,13857,,,,,,,,,,,,,,,,,
1786,6/3/2019,115,22542,,,,,,,,,,,,,,,,,
1787,9/22/2020,106,48777,,,,,,,,,,,,,,,,,
1788,8/13/2019,118,5660,,,,,,,,,,,,,,,,,
1789,4/25/2020,109,89185,,,,,,,,,,,,,,,,,
1790,10/13/2019,117,98981,,,,,,,,,,,,,,,,,
1791,11/30/2020,118,87811,,,,,,,,,,,,,,,,,
1792,10/28/2019,103,2438,,,,,,,,,,,,,,,,,
1793,12/6/2020,103,21488,,,,,,,,,,,,,,,,,
1794,1/4/2021,117,10764,,,,,,,,,,,,,,,,,
1795,12/25/2020,102,77354,,,,,,,,,,,,,,,,,
1796,2/15/2019,115,39717,,,,,,,,,,,,,,,,,
1797,11/12/2020,102,22897,,,,,,,,,,,,,,,,,
1798,2/25/2019,106,34967,,,,,,,,,,,,,,,,,
1799,10/23/2020,116,16609,,,,,,,,,,,,,,,,,
1800,4/8/2020,116,41626,,,,,,,,,,,,,,,,,
1801,2/8/2020,111,20230,,,,,,,,,,,,,,,,,
1802,10/9/2019,116,37660,,,,,,,,,,,,,,,,,
1803,9/19/2020,104,12119,,,,,,,,,,,,,,,,,
1804,5/18/2020,105,18291,,,,,,,,,,,,,,,,,
1805,1/12/2020,111,79756,,,,,,,,,,,,,,,,,
1806,2/14/2021,108,47838,,,,,,,,,,,,,,,,,
1807,7/3/2019,101,49496,,,,,,,,,,,,,,,,,
1808,8/17/2019,113,13397,,,,,,,,,,,,,,,,,
1809,9/5/2019,104,12421,,,,,,,,,,,,,,,,,
1810,8/24/2020,104,75261,,,,,,,,,,,,,,,,,
1811,10/3/2019,115,33383,,,,,,,,,,,,,,,,,
1812,5/28/2020,111,9925,,,,,,,,,,,,,,,,,
1813,1/6/2019,107,68704,,,,,,,,,,,,,,,,,
1814,3/18/2019,118,87279,,,,,,,,,,,,,,,,,
1815,5/6/2019,112,46263,,,,,,,,,,,,,,,,,
1816,12/3/2019,108,39592,,,,,,,,,,,,,,,,,
1817,2/23/2021,111,59385,,,,,,,,,,,,,,,,,
1818,1/6/2021,106,31764,,,,,,,,,,,,,,,,,
1819,11/21/2019,114,72727,,,,,,,,,,,,,,,,,
1820,4/28/2020,110,63149,,,,,,,,,,,,,,,,,
1821,8/3/2019,116,33927,,,,,,,,,,,,,,,,,
1822,3/14/2021,101,72722,,,,,,,,,,,,,,,,,
1823,8/28/2020,101,62148,,,,,,,,,,,,,,,,,
1824,5/24/2020,109,90908,,,,,,,,,,,,,,,,,
1825,1/23/2020,115,43646,,,,,,,,,,,,,,,,,
1826,3/30/2020,106,56619,,,,,,,,,,,,,,,,,
1827,1/3/2021,117,91807,,,,,,,,,,,,,,,,,
1828,10/5/2019,113,90651,,,,,,,,,,,,,,,,,
1829,2/26/2020,116,15593,,,,,,,,,,,,,,,,,
1830,7/28/2019,107,39181,,,,,,,,,,,,,,,,,
1831,3/4/2021,100,12772,,,,,,,,,,,,,,,,,
1832,6/15/2021,100,3651,,,,,,,,,,,,,,,,,
1833,4/4/2021,110,42405,,,,,,,,,,,,,,,,,
1834,2/10/2020,112,10084,,,,,,,,,,,,,,,,,
1835,12/2/2020,112,13642,,,,,,,,,,,,,,,,,
1836,9/13/2019,110,71314,,,,,,,,,,,,,,,,,
1837,11/9/2020,110,58268,,,,,,,,,,,,,,,,,
1838,2/27/2019,102,84402,,,,,,,,,,,,,,,,,
1839,7/8/2019,104,57378,,,,,,,,,,,,,,,,,
1840,3/26/2021,109,67868,,,,,,,,,,,,,,,,,
1841,2/9/2019,104,65986,,,,,,,,,,,,,,,,,
1842,2/5/2019,112,86045,,,,,,,,,,,,,,,,,
1843,7/26/2020,109,49465,,,,,,,,,,,,,,,,,
1844,1/26/2019,100,96047,,,,,,,,,,,,,,,,,
1845,7/6/2021,116,16774,,,,,,,,,,,,,,,,,
1846,4/22/2020,117,85135,,,,,,,,,,,,,,,,,
1847,2/20/2019,109,46096,,,,,,,,,,,,,,,,,
1848,6/16/2020,107,80586,,,,,,,,,,,,,,,,,
1849,5/27/2021,107,43460,,,,,,,,,,,,,,,,,
1850,4/17/2019,108,69488,,,,,,,,,,,,,,,,,
1851,1/13/2019,106,13482,,,,,,,,,,,,,,,,,
1852,10/4/2020,108,49039,,,,,,,,,,,,,,,,,
1853,9/23/2020,102,73789,,,,,,,,,,,,,,,,,
1854,10/27/2020,109,51027,,,,,,,,,,,,,,,,,
1855,11/27/2020,110,47407,,,,,,,,,,,,,,,,,
1856,3/30/2019,113,61309,,,,,,,,,,,,,,,,,
1857,5/11/2020,104,37025,,,,,,,,,,,,,,,,,
1858,10/6/2019,107,12834,,,,,,,,,,,,,,,,,
1859,8/28/2019,102,57335,,,,,,,,,,,,,,,,,
1860,6/30/2019,111,7012,,,,,,,,,,,,,,,,,
1861,3/7/2019,101,49767,,,,,,,,,,,,,,,,,
1862,7/12/2020,106,92970,,,,,,,,,,,,,,,,,
1863,12/15/2020,107,40968,,,,,,,,,,,,,,,,,
1864,4/27/2019,113,6714,,,,,,,,,,,,,,,,,
1865,11/20/2020,103,79295,,,,,,,,,,,,,,,,,
1866,5/19/2020,113,85514,,,,,,,,,,,,,,,,,
1867,9/12/2019,107,98160,,,,,,,,,,,,,,,,,
1868,6/29/2021,115,16160,,,,,,,,,,,,,,,,,
1869,8/25/2020,103,82887,,,,,,,,,,,,,,,,,
1870,4/15/2020,103,64717,,,,,,,,,,,,,,,,,
1871,12/21/2019,100,27583,,,,,,,,,,,,,,,,,
1872,2/13/2021,117,10893,,,,,,,,,,,,,,,,,
1873,12/1/2020,116,5384,,,,,,,,,,,,,,,,,
1874,7/9/2020,118,74078,,,,,,,,,,,,,,,,,
1875,2/11/2019,117,16646,,,,,,,,,,,,,,,,,
1876,6/23/2021,106,58522,,,,,,,,,,,,,,,,,
1877,3/30/2019,108,94488,,,,,,,,,,,,,,,,,
1878,10/18/2020,111,53195,,,,,,,,,,,,,,,,,
1879,4/28/2019,116,41585,,,,,,,,,,,,,,,,,
1880,10/14/2019,112,14755,,,,,,,,,,,,,,,,,
1881,12/27/2020,109,14364,,,,,,,,,,,,,,,,,
1882,12/15/2019,102,94763,,,,,,,,,,,,,,,,,
1883,7/20/2020,115,30551,,,,,,,,,,,,,,,,,
1884,11/7/2019,110,76021,,,,,,,,,,,,,,,,,
1885,6/14/2020,112,24587,,,,,,,,,,,,,,,,,
1886,8/28/2020,104,89861,,,,,,,,,,,,,,,,,
1887,11/19/2020,106,71823,,,,,,,,,,,,,,,,,
1888,7/31/2020,102,37683,,,,,,,,,,,,,,,,,
1889,7/14/2020,112,28564,,,,,,,,,,,,,,,,,
1890,2/21/2021,104,29707,,,,,,,,,,,,,,,,,
1891,11/19/2020,110,13791,,,,,,,,,,,,,,,,,
1892,4/27/2019,104,18316,,,,,,,,,,,,,,,,,
1893,2/16/2021,103,30220,,,,,,,,,,,,,,,,,
1894,5/2/2019,103,41594,,,,,,,,,,,,,,,,,
1895,7/11/2020,105,15327,,,,,,,,,,,,,,,,,
1896,7/18/2019,114,97535,,,,,,,,,,,,,,,,,
1897,5/22/2020,108,67669,,,,,,,,,,,,,,,,,
1898,2/24/2019,115,81815,,,,,,,,,,,,,,,,,
1899,3/17/2021,100,40955,,,,,,,,,,,,,,,,,
1900,8/17/2019,103,16444,,,,,,,,,,,,,,,,,
1901,11/2/2019,115,58861,,,,,,,,,,,,,,,,,
1902,4/29/2019,113,89576,,,,,,,,,,,,,,,,,
1903,11/16/2020,101,26708,,,,,,,,,,,,,,,,,
1904,3/9/2021,104,64088,,,,,,,,,,,,,,,,,
1905,7/14/2020,114,5542,,,,,,,,,,,,,,,,,
1906,6/15/2019,115,10958,,,,,,,,,,,,,,,,,
1907,12/11/2019,106,27284,,,,,,,,,,,,,,,,,
1908,6/11/2019,101,45997,,,,,,,,,,,,,,,,,
1909,5/14/2019,118,31289,,,,,,,,,,,,,,,,,
1910,3/8/2019,116,75632,,,,,,,,,,,,,,,,,
1911,11/6/2019,116,40220,,,,,,,,,,,,,,,,,
1912,4/3/2021,118,39748,,,,,,,,,,,,,,,,,
1913,2/17/2021,115,44439,,,,,,,,,,,,,,,,,
1914,8/30/2020,112,10391,,,,,,,,,,,,,,,,,
1915,10/24/2020,118,36427,,,,,,,,,,,,,,,,,
1916,8/7/2020,106,74490,,,,,,,,,,,,,,,,,
1917,6/1/2019,113,2387,,,,,,,,,,,,,,,,,
1918,4/18/2019,112,1343,,,,,,,,,,,,,,,,,
1919,4/16/2019,101,99039,,,,,,,,,,,,,,,,,
1920,2/21/2021,112,18757,,,,,,,,,,,,,,,,,
1921,5/27/2020,117,75646,,,,,,,,,,,,,,,,,
1922,9/7/2020,106,28623,,,,,,,,,,,,,,,,,
1923,5/25/2019,116,2629,,,,,,,,,,,,,,,,,
1924,4/2/2021,104,82899,,,,,,,,,,,,,,,,,
1925,2/7/2021,109,44150,,,,,,,,,,,,,,,,,
1926,4/10/2020,111,11244,,,,,,,,,,,,,,,,,
1927,1/20/2019,109,471,,,,,,,,,,,,,,,,,
1928,1/6/2019,107,19645,,,,,,,,,,,,,,,,,
1929,10/9/2020,108,55464,,,,,,,,,,,,,,,,,
1930,1/6/2020,106,87944,,,,,,,,,,,,,,,,,
1931,5/20/2021,114,59968,,,,,,,,,,,,,,,,,
1932,5/21/2020,102,3836,,,,,,,,,,,,,,,,,
1933,9/11/2020,118,67578,,,,,,,,,,,,,,,,,
1934,1/28/2019,107,42288,,,,,,,,,,,,,,,,,
1935,1/14/2021,101,13729,,,,,,,,,,,,,,,,,
1936,7/31/2019,112,70297,,,,,,,,,,,,,,,,,
1937,2/25/2019,108,57279,,,,,,,,,,,,,,,,,
1938,8/27/2019,103,28621,,,,,,,,,,,,,,,,,
1939,3/4/2021,116,12332,,,,,,,,,,,,,,,,,
1940,1/17/2021,103,56857,,,,,,,,,,,,,,,,,
1941,5/9/2019,110,57640,,,,,,,,,,,,,,,,,
1942,4/4/2020,105,35388,,,,,,,,,,,,,,,,,
1943,9/19/2019,115,4697,,,,,,,,,,,,,,,,,
1944,5/14/2021,115,69908,,,,,,,,,,,,,,,,,
1945,6/25/2020,106,33188,,,,,,,,,,,,,,,,,
1946,7/28/2020,101,67048,,,,,,,,,,,,,,,,,
1947,2/27/2019,117,80513,,,,,,,,,,,,,,,,,
1948,2/28/2020,114,73865,,,,,,,,,,,,,,,,,
1949,4/13/2019,101,12059,,,,,,,,,,,,,,,,,
1950,4/19/2019,113,28022,,,,,,,,,,,,,,,,,
1951,8/27/2019,110,53432,,,,,,,,,,,,,,,,,
1952,4/13/2019,116,22640,,,,,,,,,,,,,,,,,
1953,5/14/2019,113,53059,,,,,,,,,,,,,,,,,
1954,12/1/2020,110,41179,,,,,,,,,,,,,,,,,
1955,8/3/2019,110,96456,,,,,,,,,,,,,,,,,
1956,5/15/2019,104,8938,,,,,,,,,,,,,,,,,
1957,5/20/2019,109,29298,,,,,,,,,,,,,,,,,
1958,5/9/2020,110,82478,,,,,,,,,,,,,,,,,
1959,9/26/2019,108,17048,,,,,,,,,,,,,,,,,
1960,9/28/2020,103,66442,,,,,,,,,,,,,,,,,
1961,11/10/2019,112,87122,,,,,,,,,,,,,,,,,
1962,3/5/2020,113,85482,,,,,,,,,,,,,,,,,
1963,7/30/2019,102,44109,,,,,,,,,,,,,,,,,
1964,2/19/2021,106,22226,,,,,,,,,,,,,,,,,
1965,7/4/2020,116,71489,,,,,,,,,,,,,,,,,
1966,7/8/2020,102,16797,,,,,,,,,,,,,,,,,
1967,3/23/2019,118,63288,,,,,,,,,,,,,,,,,
1968,3/7/2019,106,71866,,,,,,,,,,,,,,,,,
1969,8/14/2020,110,40394,,,,,,,,,,,,,,,,,
1970,10/18/2019,102,92335,,,,,,,,,,,,,,,,,
1971,7/10/2019,113,84102,,,,,,,,,,,,,,,,,
1972,3/29/2020,118,99560,,,,,,,,,,,,,,,,,
1973,1/7/2021,117,61371,,,,,,,,,,,,,,,,,
1974,11/14/2020,106,69709,,,,,,,,,,,,,,,,,
1975,1/12/2021,103,89384,,,,,,,,,,,,,,,,,
1976,9/10/2020,111,49511,,,,,,,,,,,,,,,,,
1977,12/24/2020,116,27465,,,,,,,,,,,,,,,,,
1978,4/25/2019,107,63192,,,,,,,,,,,,,,,,,
1979,1/9/2020,106,99914,,,,,,,,,,,,,,,,,
1980,9/25/2020,107,52948,,,,,,,,,,,,,,,,,
1981,7/2/2021,101,34243,,,,,,,,,,,,,,,,,
1982,9/9/2019,102,30983,,,,,,,,,,,,,,,,,
1983,3/13/2019,109,6372,,,,,,,,,,,,,,,,,
1984,2/11/2021,106,25230,,,,,,,,,,,,,,,,,
1985,12/8/2019,113,80837,,,,,,,,,,,,,,,,,
1986,1/28/2020,117,86754,,,,,,,,,,,,,,,,,
1987,1/1/2019,104,27473,,,,,,,,,,,,,,,,,
1988,8/16/2020,107,44945,,,,,,,,,,,,,,,,,
1989,11/22/2020,111,49769,,,,,,,,,,,,,,,,,
1990,1/1/2019,107,65314,,,,,,,,,,,,,,,,,
1991,9/15/2020,102,62041,,,,,,,,,,,,,,,,,
1992,1/24/2020,108,32042,,,,,,,,,,,,,,,,,
1993,8/1/2020,101,16986,,,,,,,,,,,,,,,,,
1994,9/30/2019,104,2968,,,,,,,,,,,,,,,,,
1995,6/7/2020,118,34925,,,,,,,,,,,,,,,,,
1996,10/6/2019,107,10476,,,,,,,,,,,,,,,,,
1997,1/8/2021,101,21576,,,,,,,,,,,,,,,,,
1998,4/5/2020,101,13676,,,,,,,,,,,,,,,,,
1999,1/23/2021,118,80724,,,,,,,,,,,,,,,,,
2000,10/14/2019,106,50606,,,,,,,,,,,,,,,,,
